{"holidays": {"romantic": 0.0006269827806321325, "time off": 0.001329951813869051, "likes": 0.0011226616852165617, "early": 0.0006574299655992518, "meaningful": 0.0011947841820870995, "political": 0.0005046327530172441, "reflective": 0.0009840831973693038, "widely celebrated": 0.0011800665304764321, "partying": 0.0008697914399533634, "think": 0.0011395871301355183}, "jobs": {"common": 0.0015305744500982341, "important": 0.0019511013296771038, "dangerous": 0.0014199985313454897, "been around": 0.001614290729625909, "think": 0.0013152534344924832, "people oriented": 0.0013300959695953154, "glamorous": 0.001641757496062479, "creativity": 0.0015152607190045506, "physical": 0.0010684354975597106, "difficult": 0.0022274018190949914, "male dominated": 0.0013325541204307688}, "vegetables": {"crunchy": 0.0010894774760381522, "think": 0.0017510183543005262, "available": 0.0018295592790915022, "sweet": 0.0005713069075711342, "warm": 0.0008437819942275064, "heavy": 0.0007419145034400914, "dishes": 0.001627389857746547, "fragrant": 0.0007025648511651744, "calories": 0.000535350553229499, "popular": 0.0021871515637269055}, "zoo animals": {"has good hearing": 0.0013732559208176442, "cool": 0.002108107841841718, "large": 0.001971084265285161, "has long hair": 0.0006690462414223132, "lifespan": 0.0011912391717128134, "dangerous": 0.002941613060666482, "has large feet relative to its body size": 0.0007551301511783021, "quiet": 0.0010273688595041843, "striking": 0.0019232978025267495, "sleeps very little": 0.0006271303662151883, "normal": 0.0023337049072146027, "diurnal": 0.002003838148707046, "type, mammal": 0.0015540066385683659, "tropics": 0.0008550495805410556, "think": 0.0018791503422118496, "land": 0.0020715355405027547, "cute": 0.0014741735593237265, "diet, carnivore": 0.0021254227377801587}, "chain restaurants": {"soft food": 0.0005268926231570941, "cold food": 0.0006794027871476812, "popular": 0.0016839064772784377, "interesting side dishes": 0.000546292259708594, "brightly colored logo": 0.0008986871384219685, "many locations": 0.0018151453270047193, "quick": 0.001328480052064265, "healthy": 0.0004884634493158284, "desserts": 0.0005586700331987368, "casual": 0.0014510847479913614}, "kitchen appliances": {"expensive": 0.001277103900465511, "essential": 0.0015682159225957754, "loud": 0.0007961841249760951, "plain sight": 0.0015245264425652087, "dangerous": 0.0011420218319492677, "often": 0.0016867345745404628, "heavy": 0.000757910386031667, "common": 0.002111851554586049, "think": 0.0013948471200836195, "metallic": 0.0011359836062865474, "easy": 0.002027360861410021}, "sports": {"popular": 0.00236011990645419, "dangerous": 0.0010762244968227357, "think": 0.0012583683111577694, "flexibility": 0.0012106492424570684, "been around": 0.0018527052507574494, "strenuous": 0.0018566361435502002, "learn": 0.0011563231227481852, "competitive": 0.0026282403366022365, "spectators": 0.002185364465982189, "expensive": 0.0012124255918022468}}