{"holidays": {"romantic": 0.47143270462418885, "time off": 1.0, "likes": 0.8441371134722184, "early": 0.4943261543338767, "meaningful": 0.8983665194690578, "political": 0.37943686963303097, "reflective": 0.7399389865911323, "widely celebrated": 0.8873002150682605, "partying": 0.6540022208947522, "think": 0.8568634729857392}, "jobs": {"common": 0.6871568645481833, "important": 0.8759539086979149, "dangerous": 0.6375134109940006, "been around": 0.7247415871653576, "think": 0.5904877257516471, "people oriented": 0.5971513348838614, "glamorous": 0.7370728900318203, "creativity": 0.6802817102933908, "physical": 0.4796779316602261, "difficult": 1.0, "male dominated": 0.5982549304786842}, "vegetables": {"crunchy": 0.49812619029551064, "think": 0.8005930559822712, "available": 0.8365031986964515, "sweet": 0.2612104789837369, "warm": 0.38579036232390873, "heavy": 0.3392149477633225, "dishes": 0.7440681682678979, "fragrant": 0.3212236695512789, "calories": 0.24477066981003448, "popular": 1.0}, "zoo animals": {"has good hearing": 0.4668377153950035, "cool": 0.7166502862086435, "large": 0.6700691847073089, "has long hair": 0.22744196045646034, "lifespan": 0.4049612056872341, "dangerous": 1.0, "has large feet relative to its body size": 0.25670614577949014, "quiet": 0.34925356881282443, "striking": 0.6538241987853384, "sleeps very little": 0.2131926780584457, "normal": 0.793341904283582, "diurnal": 0.6812038522337251, "type, mammal": 0.5282838383292581, "tropics": 0.2906737095963692, "think": 0.6388162900616474, "land": 0.7042175492766566, "cute": 0.5011446199486627, "diet, carnivore": 0.7225364770778524}, "chain restaurants": {"soft food": 0.29027572355683023, "cold food": 0.3742966345668887, "popular": 0.9276978830434218, "interesting side dishes": 0.30096337278407553, "brightly colored logo": 0.49510478585477574, "many locations": 1.0, "quick": 0.731886330146617, "healthy": 0.26910432021543496, "desserts": 0.3077825366857164, "casual": 0.7994317184431088}, "kitchen appliances": {"expensive": 0.6047318513899242, "essential": 0.7425786718722124, "loud": 0.3770076183845023, "plain sight": 0.721890910966058, "dangerous": 0.5407680428433898, "often": 0.7986994023692565, "heavy": 0.35888430907267416, "common": 1.0, "think": 0.6604854006213652, "metallic": 0.5379088335161015, "easy": 0.9599921249234825}, "sports": {"popular": 0.8979848127227702, "dangerous": 0.40948481074378007, "think": 0.4787873824296357, "flexibility": 0.46063110195705465, "been around": 0.7049223105496542, "strenuous": 0.7064179472834822, "learn": 0.439960952826357, "competitive": 1.0, "spectators": 0.831493389530505, "expensive": 0.4613069721658936}}